{
	"class_name" : "PinholeCameraParameters",
	"extrinsic" : 
	[
		1,
		0,
		0,
		0.0,
		0,
		1,
		0,
		0.0,
		0,
		0,
		1,
		0.0,
		0,
		0,
		0,
		1.0
	],
	"intrinsic" : 
	{
		"height" : 720,
		"intrinsic_matrix" : 
		[
			636.6593017578125,
			0.0,
			0.0,
			0.0,
			636.251953125,
			0.0,
			639.5,
			359.5,
			1.0
		],
		"width" : 1280
	},
	"version_major" : 1,
	"version_minor" : 0
}